sample_id,domain,20260223_191501_gemini_3_pro_full_test_1_citation_presence,20260223_191501_gemini_3_pro_full_test_1_latency_s,20260223_191501_gemini_3_pro_full_test_1_rouge_score_recall,20260223_191501_gemini_3_pro_full_test_1_reasoning_depth,20260223_191501_gemini_3_pro_full_test_1_bert_score_f1,20260223_191501_gemini_3_pro_full_test_1_refusal_rate,20260223_191501_gemini_3_pro_full_test_1_rouge_score_f1,20260223_191501_gemini_3_pro_full_test_1_error_rate,20260223_191501_gemini_3_pro_full_test_1_answer_length,20260223_191501_gemini_3_pro_full_test_1_verbosity,20260223_191501_gemini_3_pro_full_test_1_soft_f1,20260223_191501_gemini_3_pro_full_test_1_confidence_score,20260223_191501_gemini_3_pro_full_test_1_answer_completeness,20260223_191501_gemini_3_pro_full_test_1_response_consistency,20260223_191501_gemini_3_pro_full_test_1_soft_recall,20260223_191501_gemini_3_pro_full_test_1_exact_match,20260224_160118_gemini_3_flash_full_test_2_citation_presence,20260224_160118_gemini_3_flash_full_test_2_latency_s,20260224_160118_gemini_3_flash_full_test_2_rouge_score_recall,20260224_160118_gemini_3_flash_full_test_2_reasoning_depth,20260224_160118_gemini_3_flash_full_test_2_bert_score_f1,20260224_160118_gemini_3_flash_full_test_2_refusal_rate,20260224_160118_gemini_3_flash_full_test_2_rouge_score_f1,20260224_160118_gemini_3_flash_full_test_2_error_rate,20260224_160118_gemini_3_flash_full_test_2_answer_length,20260224_160118_gemini_3_flash_full_test_2_verbosity,20260224_160118_gemini_3_flash_full_test_2_soft_f1,20260224_160118_gemini_3_flash_full_test_2_confidence_score,20260224_160118_gemini_3_flash_full_test_2_answer_completeness,20260224_160118_gemini_3_flash_full_test_2_response_consistency,20260224_160118_gemini_3_flash_full_test_2_soft_recall,20260224_160118_gemini_3_flash_full_test_2_exact_match,20260223_232920_gemini_25_flash_full_test_2_citation_presence,20260223_232920_gemini_25_flash_full_test_2_latency_s,20260223_232920_gemini_25_flash_full_test_2_rouge_score_recall,20260223_232920_gemini_25_flash_full_test_2_reasoning_depth,20260223_232920_gemini_25_flash_full_test_2_bert_score_f1,20260223_232920_gemini_25_flash_full_test_2_refusal_rate,20260223_232920_gemini_25_flash_full_test_2_rouge_score_f1,20260223_232920_gemini_25_flash_full_test_2_error_rate,20260223_232920_gemini_25_flash_full_test_2_answer_length,20260223_232920_gemini_25_flash_full_test_2_verbosity,20260223_232920_gemini_25_flash_full_test_2_soft_f1,20260223_232920_gemini_25_flash_full_test_2_confidence_score,20260223_232920_gemini_25_flash_full_test_2_answer_completeness,20260223_232920_gemini_25_flash_full_test_2_response_consistency,20260223_232920_gemini_25_flash_full_test_2_soft_recall,20260223_232920_gemini_25_flash_full_test_2_exact_match,20260224_090323_gemini_25_pro_full_test_1_citation_presence,20260224_090323_gemini_25_pro_full_test_1_latency_s,20260224_090323_gemini_25_pro_full_test_1_rouge_score_recall,20260224_090323_gemini_25_pro_full_test_1_reasoning_depth,20260224_090323_gemini_25_pro_full_test_1_bert_score_f1,20260224_090323_gemini_25_pro_full_test_1_refusal_rate,20260224_090323_gemini_25_pro_full_test_1_rouge_score_f1,20260224_090323_gemini_25_pro_full_test_1_error_rate,20260224_090323_gemini_25_pro_full_test_1_answer_length,20260224_090323_gemini_25_pro_full_test_1_verbosity,20260224_090323_gemini_25_pro_full_test_1_soft_f1,20260224_090323_gemini_25_pro_full_test_1_confidence_score,20260224_090323_gemini_25_pro_full_test_1_answer_completeness,20260224_090323_gemini_25_pro_full_test_1_response_consistency,20260224_090323_gemini_25_pro_full_test_1_soft_recall,20260224_090323_gemini_25_pro_full_test_1_exact_match
66,Company_Documents,,29.20377898216248,,,,,,1.0,,,,,,,,,0.0,36.63036704063416,1.0,0.4,0.5873622894287109,0.0,0.0242424242424242,0.0,156.0,151.42857142857142,0.0296296296296296,1.0,1.0,0.2,1.0,0.0,0.0,34.82207489013672,1.0,0.1,0.6166463494300842,0.0,0.0363636363636363,0.0,104.0,92.57142857142856,0.0439560439560439,0.5,1.0,0.3888888888888889,1.0,0.0,0.0,25.777352571487427,1.0,0.1,0.6246500611305237,0.0,0.038095238095238,0.0,100.0,84.0,0.0425531914893616,0.5,1.0,0.1818181818181818,1.0,0.0
44,Company_Documents,,30.003708600997925,,,,,,1.0,,,,,,,,,0.0,59.49275612831116,1.0,0.8,0.5381121039390564,0.0,0.0134228187919463,0.0,148.0,970.0,0.0142857142857142,0.5,1.0,0.0526315789473684,1.0,0.0,0.0,41.52618980407715,1.0,0.0,0.6067984104156494,0.0,0.05,0.0,45.0,262.0,0.054054054054054,0.5,1.0,0.0,1.0,0.0,0.0,22.38121008872986,1.0,0.8,0.5745428800582886,0.0,0.0357142857142857,0.0,55.0,329.0,0.0363636363636363,0.5,1.0,0.1739130434782608,1.0,0.0
87,Industry_Reports,0.0,29.89811062812805,0.0,0.1,0.5559910535812378,0.0,0.0,0.0,56.0,121.66666666666669,0.0,0.5,1.0,0.1111111111111111,0.0,0.0,0.0,22.823405981063843,0.0,0.1,0.5771737694740295,0.0,0.0,0.0,39.0,87.0,0.0,0.5,1.0,0.0,0.0,0.0,0.0,20.57695317268372,0.0,0.0,0.5762696266174316,0.0,0.0,0.0,22.0,42.333333333333336,0.0,0.5,1.0,0.0,0.0,0.0,0.0,22.339179039001465,0.0,0.1,0.5550513863563538,0.0,0.0,0.0,47.0,94.0,0.0,0.5,1.0,0.1,0.0,0.0
75,Government_Consultations,,39.20706963539124,,,,,,1.0,,,,,,,,,0.0,28.717601537704468,0.3636363636363636,0.5,0.6964916586875916,0.0,0.1379310344827586,0.0,44.0,5.5,0.0888888888888889,0.5,1.0,0.0625,0.4,0.0,0.0,34.90758204460144,0.5454545454545454,0.5,0.6982035636901855,0.0,0.2222222222222221,0.0,40.0,4.944444444444445,0.0952380952380952,0.5,1.0,0.0666666666666666,0.4,0.0,0.0,30.827366828918457,0.3636363636363636,0.5,0.6939722299575806,0.0,0.135593220338983,0.0,44.0,5.833333333333333,0.0909090909090909,0.5,1.0,0.0,0.4,0.0
25,Company_Documents,0.0,33.936302185058594,0.0,0.1,0.4907802939414978,0.0,0.0,0.0,151.0,492.0,0.0,0.5,1.0,0.0571428571428571,0.0,0.0,0.0,31.360466718673703,0.0,0.0,0.5840610861778259,0.0,0.0,0.0,135.0,470.0,0.0,0.5,1.0,0.0588235294117647,0.0,0.0,0.0,19.368700981140137,0.0,0.0,0.6470493078231812,0.0,0.0,0.0,37.0,114.0,0.0,0.5,1.0,0.0,0.0,0.0,0.0,32.75691556930542,0.0,0.0,0.6358885169029236,0.0,0.0,0.0,33.0,109.5,0.0,0.5,1.0,0.0,0.0,0.0
55,Company_Documents,0.0,39.08484220504761,0.75,0.2,0.6780691146850586,0.0,0.06,0.0,95.0,26.65217391304348,0.0459770114942528,0.5,1.0,0.1176470588235294,0.6666666666666666,0.0,0.0,63.06422734260559,0.75,0.6,0.6726933121681213,0.0,0.0444444444444444,0.0,127.0,36.47826086956522,0.0333333333333333,0.5,1.0,0.2352941176470588,0.6666666666666666,0.0,0.0,37.529290199279785,0.75,0.2,0.7395620942115784,0.0,0.1935483870967741,0.0,25.0,7.260869565217392,0.1481481481481481,0.5,1.0,0.0,0.6666666666666666,0.0,0.0,28.233516693115234,0.75,0.3,0.6846368908882141,0.0,0.0495867768595041,0.0,110.0,31.08695652173913,0.0392156862745098,0.5,1.0,0.1176470588235294,0.6666666666666666,0.0
16,Company_Documents,0.0,72.78785634040833,0.5,0.0,0.6768478751182556,0.0,0.048780487804878,0.0,77.0,22.904761904761905,0.0547945205479452,0.5,1.0,0.1111111111111111,0.5,0.0,0.0,140.35863518714905,0.5,0.0,0.6500580310821533,0.0,0.0242424242424242,0.0,149.0,44.38095238095238,0.0291970802919708,0.5,1.0,0.4,0.5,0.0,0.0,18.84171199798584,0.5,0.0,0.6314199566841125,0.0,0.0425531914893617,0.0,89.0,25.61904761904762,0.048780487804878,0.5,1.0,0.4444444444444444,0.5,0.0,0.0,23.462320566177368,0.5,0.0,0.662234365940094,0.0,0.0449438202247191,0.0,84.0,23.857142857142858,0.0519480519480519,0.5,1.0,0.3333333333333333,0.5,0.0
93,Industry_Reports,0.0,36.60447430610657,1.0,0.4,0.6493550539016724,0.0,0.0408163265306122,0.0,100.0,50.0,0.0439560439560439,0.5,1.0,0.0416666666666666,1.0,0.0,0.0,23.770775318145752,1.0,0.2,0.6763695478439331,0.0,0.0625,0.0,61.0,32.09090909090909,0.0689655172413793,0.5,1.0,0.0833333333333333,1.0,0.0,0.0,17.378230094909668,1.0,0.1,0.7031844258308411,0.0,0.1,0.0,38.0,18.90909090909091,0.1052631578947368,0.5,1.0,0.0,1.0,0.0,0.0,32.56191849708557,1.0,0.3,0.6745125651359558,0.0,0.0444444444444444,0.0,86.0,42.09090909090909,0.050632911392405,0.5,1.0,0.1428571428571428,1.0,0.0
34,Company_Documents,0.0,39.82136392593384,1.0,0.1,0.6112523674964905,0.0,0.0259740259740259,0.0,156.0,76.0,0.0272108843537414,0.5,1.0,0.6153846153846154,1.0,0.0,0.0,39.23896026611328,1.0,0.1,0.6073570251464844,0.0,0.0275862068965517,0.0,154.0,70.53846153846153,0.0291970802919708,0.5,1.0,0.1481481481481481,1.0,0.0,0.0,72.05925917625427,1.0,0.0,0.7398422956466675,0.0,0.1428571428571428,0.0,26.0,11.23076923076923,0.1538461538461538,0.5,1.0,0.0,1.0,0.0,0.0,27.86280059814453,1.0,0.1,0.6628782153129578,0.0,0.0909090909090909,0.0,46.0,19.76923076923077,0.1052631578947368,0.5,1.0,0.4285714285714285,1.0,0.0
69,Government_Consultations,0.0,35.41199517250061,1.0,0.1,0.7181353569030762,0.0,0.0851063829787234,0.0,49.0,24.76923076923077,0.0869565217391304,0.5,1.0,0.0,1.0,0.0,0.0,32.78369426727295,1.0,0.4,0.7120516896247864,0.0,0.0833333333333333,0.0,47.0,24.923076923076923,0.0851063829787234,1.0,1.0,0.0,1.0,0.0,0.0,65.95431327819824,1.0,0.0,0.7806113362312317,0.0,0.1999999999999999,0.0,21.0,9.76923076923077,0.2105263157894736,0.5,1.0,0.0,1.0,0.0,0.0,27.210734605789185,1.0,0.1,0.762730062007904,0.0,0.1428571428571428,0.0,29.0,14.0,0.1538461538461538,0.5,1.0,0.0,1.0,0.0
51,Company_Documents,0.0,54.51381850242615,1.0,0.1,0.5511671900749207,0.0,0.0238095238095238,0.0,94.0,642.0,0.0246913580246913,0.5,1.0,0.0,1.0,0.0,0.0,25.997069597244263,1.0,1.0,0.5471338629722595,0.0,0.0206185567010309,0.0,98.0,653.0,0.0210526315789473,0.5,1.0,0.0571428571428571,1.0,0.0,0.0,70.91560673713684,1.0,0.9,0.58624666929245,0.0,0.0476190476190476,0.0,41.0,254.0,0.048780487804878,0.5,1.0,0.0476190476190476,1.0,0.0,0.0,23.62774133682251,1.0,1.0,0.5574020147323608,0.0,0.0240963855421686,0.0,84.0,544.0,0.0246913580246913,0.5,1.0,0.0303030303030303,1.0,0.0
19,Company_Documents,0.0,45.67084288597107,1.0,0.0,0.6683394908905029,0.0,0.0454545454545454,0.0,93.0,61.0,0.05,0.5,1.0,0.1111111111111111,1.0,0.0,0.0,122.08452701568604,1.0,0.1,0.6240085363388062,0.0,0.0232558139534883,0.0,180.0,119.8,0.0261437908496732,0.5,1.0,0.1290322580645161,1.0,0.0,0.0,19.67407512664795,1.0,0.0,0.6383947730064392,0.0,0.0399999999999999,0.0,115.0,70.0,0.0416666666666666,0.5,1.0,0.1739130434782608,1.0,0.0,0.0,43.053202390670776,1.0,0.6,0.5914285182952881,0.0,0.015267175572519,0.0,272.0,190.1,0.0174672489082969,0.5,1.0,0.1666666666666666,1.0,0.0
88,Industry_Reports,0.0,99.1014552116394,0.5,0.2,0.6270663142204285,0.0,0.0129032258064516,0.0,152.0,69.71428571428571,0.0149253731343283,0.5,1.0,0.1739130434782608,0.5,0.0,0.0,135.89700198173523,0.5,0.3,0.6111460328102112,0.0,0.008,0.0,245.0,111.5,0.0092165898617511,1.0,1.0,0.1666666666666666,0.5,0.0,0.0,28.8879337310791,1.0,0.4,0.6829281449317932,0.0,0.0307692307692307,0.0,128.0,58.35714285714285,0.0338983050847457,0.5,1.0,0.1363636363636363,1.0,0.0,0.0,45.42123484611511,1.0,0.1,0.6954560875892639,0.0,0.05,0.0,79.0,36.92857142857143,0.0579710144927536,0.5,1.0,0.2727272727272727,1.0,0.0
71,Government_Consultations,0.0,67.95603322982788,1.0,0.1,0.6811478137969971,0.0,0.0338983050847457,0.0,176.0,40.1,0.0365853658536585,0.5,1.0,0.1333333333333333,1.0,0.0,0.0,81.73476791381836,1.0,0.1,0.6433515548706055,0.0,0.0262008733624454,0.0,228.0,56.23333333333333,0.0285714285714285,1.0,1.0,0.2,1.0,0.0,,150.8222622871399,,,,,,1.0,,,,,,,,,0.0,24.90092945098877,1.0,0.2,0.7250434160232544,0.0,0.0422535211267605,0.0,142.0,32.53333333333333,0.0458015267175572,0.5,1.0,0.2,1.0,0.0
68,Company_Documents,,35.71730661392212,,,,,,1.0,,,,,,,,,0.0,28.02731823921204,0.6666666666666666,0.5,0.6886301636695862,0.0,0.1016949152542373,0.0,104.0,17.435897435897434,0.1359223300970873,0.5,1.0,0.3333333333333333,0.7777777777777778,0.0,0.0,42.472495555877686,0.4444444444444444,0.4,0.7089598774909973,0.0,0.0909090909090909,0.0,68.0,10.487179487179487,0.1333333333333333,0.5,1.0,0.0666666666666666,0.5555555555555556,0.0,0.0,27.84107255935669,0.4444444444444444,0.4,0.6540036797523499,0.0,0.0747663551401869,0.0,85.0,15.717948717948715,0.0930232558139534,0.5,1.0,0.2857142857142857,0.4444444444444444,0.0
53,Company_Documents,0.0,32.40597105026245,1.0,0.1,0.6122817397117615,0.0,0.0125786163522012,0.0,156.0,113.66666666666669,0.0141843971631205,0.5,1.0,0.1739130434782608,1.0,0.0,0.0,20.48526334762573,1.0,0.1,0.6191490888595581,0.0,0.0128205128205128,0.0,152.0,111.11111111111111,0.0148148148148148,0.5,1.0,0.12,1.0,0.0,0.0,109.87958526611328,1.0,0.0,0.7386401295661926,0.0,0.0434782608695652,0.0,45.0,32.111111111111114,0.0476190476190476,0.5,1.0,0.0,1.0,0.0,0.0,28.201881885528564,1.0,0.1,0.6730255484580994,0.0,0.0178571428571428,0.0,112.0,82.44444444444444,0.0204081632653061,0.5,1.0,0.1818181818181818,1.0,0.0
23,Company_Documents,,33.554821729660034,,,,,,1.0,,,,,,,,,0.0,30.713964700698853,0.6666666666666666,0.1,0.6589089035987854,0.0,0.0412371134020618,0.0,91.0,29.666666666666668,0.0246913580246913,0.5,1.0,0.25,0.3333333333333333,0.0,0.0,21.87295246124268,0.6666666666666666,0.0,0.7176622152328491,0.0,0.0526315789473684,0.0,68.0,20.476190476190474,0.0338983050847457,0.5,1.0,0.2,0.3333333333333333,0.0,0.0,34.26732444763184,0.6666666666666666,0.0,0.9106699824333192,0.0,0.5714285714285715,0.0,2.0,1.0476190476190477,0.4,0.5,1.0,0.0,0.3333333333333333,0.0
35,Company_Documents,0.0,96.40107488632202,1.0,0.1,0.6540203094482422,0.0,0.0526315789473684,0.0,109.0,71.2,0.0625,0.5,1.0,0.125,1.0,0.0,0.0,35.71186876296997,1.0,0.1,0.6462774872779846,0.0,0.048780487804878,0.0,116.0,74.1,0.058252427184466,0.5,1.0,0.2727272727272727,1.0,0.0,0.0,69.1791021823883,0.6666666666666666,0.0,0.6663641929626465,0.0,0.048780487804878,0.0,77.0,49.0,0.0857142857142857,0.5,1.0,0.1578947368421052,1.0,0.0,0.0,30.794893741607662,1.0,0.2,0.6743414402008057,0.0,0.074074074074074,0.0,76.0,46.0,0.0869565217391304,0.5,1.0,0.0714285714285714,1.0,0.0
90,Industry_Reports,0.0,110.97565412521362,0.5,0.2,0.5707281827926636,0.0,0.010204081632653,0.0,185.0,248.8,0.0,0.5,1.0,0.21875,0.0,0.0,0.0,62.68711638450623,0.0,0.1,0.5656949877738953,0.0,0.0,0.0,143.0,203.2,0.0,1.0,1.0,0.1379310344827586,0.0,0.0,0.0,30.18185448646545,0.0,0.0,0.5623332858085632,0.0,0.0,0.0,116.0,154.8,0.0,0.5,1.0,0.2272727272727272,0.0,0.0,0.0,42.33393454551697,0.0,0.1,0.600184977054596,0.0,0.0,0.0,57.0,78.6,0.0,0.5,1.0,0.0526315789473684,0.0,0.0
83,Legal,0.0,26.622924089431763,1.0,1.0,0.5406965613365173,0.0,0.0238095238095238,0.0,85.0,260.0,0.0249999999999999,0.5,1.0,0.064516129032258,1.0,0.0,0.0,20.381932020187374,1.0,1.0,0.5433905720710754,0.0,0.0210526315789473,0.0,94.0,251.0,0.0227272727272727,0.5,1.0,0.2258064516129032,1.0,0.0,0.0,23.43841290473938,1.0,0.0,0.6004968285560608,0.0,0.1176470588235294,0.0,16.0,45.0,0.1333333333333333,0.5,1.0,0.0,1.0,0.0,0.0,27.752736568450928,1.0,0.1,0.5326609015464783,0.0,0.0285714285714285,0.0,78.0,196.5,0.0307692307692307,0.5,1.0,0.12,1.0,0.0
26,Company_Documents,0.0,117.28887748718262,1.0,0.5,0.552173376083374,0.0,0.0193236714975845,0.0,210.0,467.0,0.0,1.0,1.0,0.15,0.0,0.0,0.0,125.27533674240112,0.5,0.2,0.5566658973693848,0.0,0.00836820083682,0.0,231.0,491.0,0.0,1.0,1.0,0.1764705882352941,0.0,0.0,0.0,65.50855994224548,0.5,0.5,0.570010244846344,0.0,0.0085836909871244,0.0,217.0,465.6666666666667,0.0,0.5,1.0,0.1538461538461538,0.0,0.0,0.0,33.626747131347656,0.5,0.0,0.6011749505996704,0.0,0.0425531914893617,0.0,43.0,82.0,0.0,0.5,1.0,0.0,0.0,0.0
50,Company_Documents,,31.053585290908813,,,,,,1.0,,,,,,,,,0.0,30.063151597976685,0.4375,0.1,0.7306215167045593,0.0,0.1473684210526315,0.0,89.0,5.422018348623853,0.3370786516853933,0.5,1.0,0.0,1.0,0.0,0.0,27.864032745361328,0.25,0.8,0.849639356136322,0.0,0.1509433962264151,0.0,37.0,2.091743119266055,0.6,0.5,1.0,0.0,1.0,0.0,0.0,23.50297379493713,0.25,0.1,0.8554629683494568,0.0,0.1702127659574468,0.0,38.0,2.220183486238532,0.6976744186046512,0.5,1.0,0.0,1.0,0.0
91,Industry_Reports,0.0,59.74114680290222,1.0,0.2,0.6520226001739502,0.0,0.0228571428571428,0.0,173.0,121.5,0.0123456790123456,0.5,1.0,0.12,1.0,0.0,0.0,27.506855249404907,1.0,0.1,0.7046453356742859,0.0,0.054054054054054,0.0,72.0,46.0,0.0317460317460317,0.5,1.0,0.0,1.0,0.0,0.0,93.90463066101074,0.5,0.0,0.646691620349884,0.0,0.0150375939849624,0.0,130.0,89.1,0.0,0.5,1.0,0.125,0.0,0.0,0.0,40.79756212234497,1.0,0.2,0.6586871147155762,0.0,0.018018018018018,0.0,216.0,144.1,0.010204081632653,0.5,1.0,0.1428571428571428,1.0,0.0
9,Company_Documents,0.0,53.04927849769592,0.0,0.1,0.6303024888038635,0.0,0.0,0.0,54.0,73.2,0.0444444444444444,0.5,1.0,0.25,1.0,0.0,0.0,82.60715627670288,0.0,0.6,0.5617720484733582,0.0,0.0,0.0,226.0,318.0,0.0,0.5,1.0,0.1395348837209302,0.0,0.0,0.0,14.493225812911987,0.0,0.0,0.6322287321090698,0.0,0.0,0.0,42.0,57.6,0.054054054054054,0.5,1.0,0.1818181818181818,1.0,0.0,0.0,22.905214309692383,0.0,0.1,0.6230487823486328,0.0,0.0,0.0,37.0,50.0,0.064516129032258,0.5,1.0,0.1111111111111111,1.0,0.0
61,Company_Documents,0.0,56.0033597946167,1.0,0.1,0.6561912894248962,0.0,0.0483870967741935,0.0,122.0,63.66666666666666,0.0530973451327433,0.5,1.0,0.0555555555555555,1.0,0.0,0.0,68.5359160900116,1.0,0.2,0.6762133240699768,0.0,0.0512820512820512,0.0,110.0,58.91666666666666,0.0612244897959183,0.5,1.0,0.0952380952380952,1.0,0.0,0.0,30.926172971725464,1.0,0.0,0.7545924186706543,0.0,0.1935483870967741,0.0,25.0,12.916666666666666,0.25,0.5,1.0,0.0,1.0,0.0,0.0,33.59002351760864,0.6666666666666666,0.1,0.7055160999298096,0.0,0.1081081081081081,0.0,31.0,16.25,0.1379310344827586,0.5,1.0,0.0,0.6666666666666666,0.0
70,Government_Consultations,,39.38911151885986,,,,,,1.0,,,,,,,,,0.0,31.139522552490234,1.0,0.0,0.7097009420394897,0.0,0.1,0.0,37.0,17.214285714285715,0.1111111111111111,0.5,1.0,0.25,1.0,0.0,0.0,41.50644087791443,1.0,0.0,0.7263878583908081,0.0,0.1176470588235294,0.0,31.0,14.5,0.1333333333333333,0.5,1.0,0.25,1.0,0.0,0.0,26.367160320281982,1.0,0.1,0.7113091349601746,0.0,0.0816326530612244,0.0,45.0,23.071428571428573,0.0909090909090909,0.5,1.0,0.25,1.0,0.0
22,Company_Documents,0.0,36.37197136878967,0.0,0.1,0.5028204321861267,0.0,0.0,0.0,81.0,151.0,0.0,0.5,1.0,0.24,0.0,0.0,0.0,38.2209370136261,0.0,0.4,0.4896952211856842,0.0,0.0,0.0,204.0,358.0,0.0,0.5,1.0,0.4705882352941176,0.0,0.0,0.0,20.566899299621586,0.0,0.0,0.5019944310188293,0.0,0.0,0.0,104.0,165.0,0.0,0.5,1.0,0.2,0.0,0.0,0.0,30.53951859474182,0.0,0.0,0.4903824925422668,0.0,0.0,0.0,129.0,230.75,0.0,0.5,1.0,0.3571428571428571,0.0,0.0
82,Legal,,28.70262622833252,,,,,,1.0,,,,,,,,,0.0,16.373802185058594,1.0,0.0,0.7489482760429382,0.0,0.2758620689655173,0.0,25.0,4.277777777777778,0.32,0.5,1.0,0.0,1.0,0.0,0.0,22.593666791915894,0.0,0.0,0.6643397212028503,0.0,0.0,0.0,21.0,3.4166666666666665,0.0,0.5,1.0,0.0,0.0,0.0,0.0,20.48526644706726,1.0,0.1,0.7802460193634033,0.0,0.25,0.0,28.0,4.694444444444445,0.2857142857142857,0.5,1.0,0.0,1.0,0.0
100,Survey_Reports,0.0,33.756824016571045,0.5333333333333333,0.1,0.7990195155143738,0.0,0.1720430107526881,0.0,79.0,4.850393700787402,0.3414634146341463,1.0,1.0,0.25,1.0,0.0,0.0,40.99180603027344,0.7333333333333333,0.1,0.8235695958137512,0.0,0.4313725490196078,0.0,39.0,2.4960629921259843,0.6086956521739131,0.5,1.0,0.0,1.0,0.0,0.0,37.59277868270874,0.5333333333333333,0.0,0.8213029503822327,0.0,0.2222222222222222,0.0,59.0,3.5118110236220472,0.4242424242424242,0.5,1.0,0.125,1.0,0.0,0.0,35.44648838043213,0.7333333333333333,0.1,0.8228236436843872,0.0,0.44,0.0,36.0,2.2755905511811023,0.6222222222222222,0.5,1.0,0.1111111111111111,1.0,0.0
64,Company_Documents,0.0,36.45514178276062,1.0,0.0,0.6918913722038269,0.0,0.0606060606060606,0.0,62.0,58.142857142857146,0.064516129032258,1.0,1.0,0.2,1.0,0.0,0.0,21.17697834968567,0.5,0.1,0.7052882313728333,0.0,0.0350877192982456,0.0,53.0,49.42857142857143,0.0784313725490195,0.5,1.0,0.1,1.0,0.0,0.0,66.16114234924316,1.0,0.0,0.7623128294944763,0.0,0.2105263157894736,0.0,17.0,15.285714285714286,0.2222222222222222,1.0,1.0,0.0,1.0,0.0,0.0,24.353550910949707,0.5,0.0,0.7035909295082092,0.0,0.08,0.0,21.0,20.0,0.0952380952380952,0.5,1.0,0.0,0.5,0.0
97,Marketing,0.0,44.55391907691956,1.0,0.2,0.7287909388542175,0.0,0.1,0.0,38.0,17.5625,0.1052631578947368,0.5,1.0,0.0,1.0,0.0,0.0,40.64406323432922,1.0,0.1,0.7477114796638489,0.0,0.0909090909090909,0.0,42.0,17.875,0.0952380952380952,0.5,1.0,0.0,1.0,0.0,0.0,35.80273509025574,1.0,0.2,0.7293572425842285,0.0,0.0869565217391304,0.0,43.0,18.5625,0.0952380952380952,0.5,1.0,0.2222222222222222,1.0,0.0,0.0,38.12257766723633,1.0,0.1,0.7269869446754456,0.0,0.0769230769230769,0.0,50.0,22.125,0.0833333333333333,0.5,1.0,0.0,1.0,0.0
45,Company_Documents,0.0,40.97894740104675,1.0,0.1,0.6829416155815125,0.0,0.0824742268041237,0.0,97.0,32.833333333333336,0.0869565217391304,0.5,1.0,0.238095238095238,1.0,0.0,0.0,18.669188022613525,0.75,0.1,0.7337649464607239,0.0,0.0857142857142857,0.0,66.0,23.05555555555556,0.0895522388059701,0.5,1.0,0.25,0.75,0.0,0.0,22.135833263397217,0.5,0.0,0.7487308979034424,0.0,0.1081081081081081,0.0,31.0,11.27777777777778,0.1818181818181818,0.5,1.0,0.0,0.75,0.0,0.0,21.438209295272827,0.5,0.1,0.7641089558601379,0.0,0.1176470588235294,0.0,30.0,9.72222222222222,0.1875,0.5,1.0,0.0,0.75,0.0
76,Government_Consultations,,39.31843400001526,,,,,,1.0,,,,,,,,,0.0,166.90236687660217,0.0,0.1,0.5595247745513916,0.0,0.0,0.0,84.0,73.125,0.0,0.5,1.0,0.1538461538461538,0.0,0.0,0.0,27.691797733306885,0.0,0.1,0.5594013929367065,0.0,0.0,0.0,24.0,19.875,0.0,0.5,1.0,0.0,0.0,0.0,0.0,31.02053999900818,0.0,0.2,0.5553213357925415,0.0,0.0,0.0,52.0,42.75,0.0,0.5,1.0,0.0833333333333333,0.0,0.0
27,Company_Documents,,32.295414209365845,,,,,,1.0,,,,,,,,,0.0,59.43924522399902,0.6666666666666666,0.3,0.6008087396621704,0.0,0.0201005025125628,0.0,190.0,121.9,0.0126582278481012,0.5,1.0,0.2962962962962963,0.5,0.0,0.0,23.245028018951416,0.6666666666666666,0.0,0.6155810356140137,0.0,0.0307692307692307,0.0,137.0,78.8,0.0169491525423728,0.5,1.0,0.3103448275862069,0.5,0.0,0.0,31.3208692073822,1.0,0.1,0.6549665331840515,0.0,0.0606060606060606,0.0,98.0,57.9,0.0454545454545454,0.5,1.0,0.16,1.0,0.0
17,Company_Documents,,30.98638200759888,,,,,,1.0,,,,,,,,,0.0,139.9159848690033,1.0,0.1,0.6676643490791321,0.0,0.0309278350515463,0.0,187.0,67.1,0.0348837209302325,1.0,1.0,0.1666666666666666,1.0,0.0,0.0,25.948574781417847,1.0,0.4,0.722293496131897,0.0,0.0618556701030927,0.0,90.0,26.65,0.0759493670886075,0.5,1.0,0.1875,1.0,0.0,0.0,22.681390047073364,1.0,0.0,0.9695033431053162,0.0,1.0,0.0,3.0,1.0,1.0,0.5,1.0,0.0,1.0,1.0
86,Industry_Reports,,30.962684631347656,,,,,,1.0,,,,,,,,,0.0,113.73280906677246,0.0,0.2,0.5481240749359131,0.0,0.0,0.0,191.0,224.16666666666663,0.0,1.0,1.0,0.238095238095238,0.0,0.0,0.0,62.72887420654297,0.5,0.3,0.6237313747406006,0.0,0.0133333333333333,0.0,137.0,155.33333333333334,0.0,0.5,1.0,0.2916666666666667,0.0,0.0,0.0,68.71010780334473,0.0,0.1,0.5593841075897217,0.0,0.0,0.0,97.0,102.33333333333331,0.0,0.5,1.0,0.0909090909090909,0.0,0.0
74,Government_Consultations,,40.01415824890137,,,,,,1.0,,,,,,,,,0.0,51.64393043518066,1.0,0.4,0.7317432165145874,0.0,0.0821917808219178,0.0,69.0,15.814814814814817,0.09375,0.5,1.0,0.3076923076923077,1.0,0.0,0.0,76.42366886138916,0.6666666666666666,0.0,0.7877852916717529,0.0,0.1818181818181818,0.0,21.0,5.25925925925926,0.3,0.5,1.0,0.0,1.0,0.0,0.0,35.644612550735474,1.0,0.1,0.8021344542503357,0.0,0.2727272727272727,0.0,22.0,5.407407407407407,0.3,0.5,1.0,0.0,1.0,0.0
54,Company_Documents,,26.48157501220703,,,,,,1.0,,,,,,,,,0.0,50.8150200843811,1.0,0.1,0.6123535633087158,0.0,0.0196078431372549,0.0,98.0,77.125,0.0240963855421686,0.5,1.0,0.2307692307692307,1.0,0.0,0.0,37.59453439712525,1.0,0.0,1.0000005960464478,0.0,1.0,0.0,1.0,1.125,1.0,0.5,1.0,0.0,1.0,1.0,0.0,23.76902556419373,1.0,0.0,1.0000005960464478,0.0,1.0,0.0,1.0,1.125,1.0,0.5,1.0,0.0,1.0,1.0
11,Company_Documents,0.0,34.300918102264404,0.6129032258064516,0.1,0.7688683271408081,0.0,0.3423423423423424,0.0,76.0,3.4177215189873418,0.4044943820224719,1.0,1.0,0.05,0.75,0.0,0.0,19.924963235855103,0.5806451612903226,0.0,0.7903182506561279,0.0,0.4186046511627906,0.0,49.0,2.310126582278481,0.5151515151515152,0.5,1.0,0.1111111111111111,0.7083333333333334,0.0,0.0,24.094453811645508,0.6129032258064516,0.0,0.8744146823883057,0.0,0.5757575757575757,0.0,32.0,1.3924050632911391,0.679245283018868,0.5,1.0,0.0,0.75,0.0,0.0,20.45173001289368,0.7419354838709677,0.0,0.9251617789268494,0.0,0.6865671641791045,0.0,31.0,1.2658227848101269,0.7058823529411765,0.5,1.0,0.0,0.75,0.0
63,Company_Documents,0.0,126.91061401367188,1.0,0.1,0.704221785068512,0.0,0.125,0.0,57.0,19.84210526315789,0.074074074074074,1.0,1.0,0.25,1.0,0.0,0.0,121.73718190193176,1.0,0.1,0.6645486354827881,0.0,0.074074074074074,0.0,99.0,34.0,0.0439560439560439,0.5,1.0,0.3571428571428571,1.0,0.0,0.0,15.373846530914308,1.0,0.0,0.7692237496376038,0.0,0.4210526315789474,0.0,13.0,4.578947368421052,0.2666666666666667,0.5,1.0,0.0,1.0,0.0,0.0,30.608721256256104,0.75,0.0,0.7097276449203491,0.0,0.1333333333333333,0.0,39.0,12.63157894736842,0.0571428571428571,0.5,1.0,0.125,0.5,0.0
79,Government_Consultations,0.0,40.16770124435425,1.0,0.3,0.5462694764137268,0.0,0.0192307692307692,0.0,101.0,342.5,0.0224719101123595,0.5,1.0,0.1111111111111111,1.0,0.0,0.0,38.04621863365173,1.0,0.1,0.5714608430862427,0.0,0.0253164556962025,0.0,75.0,256.5,0.0285714285714285,0.5,1.0,0.1538461538461538,1.0,0.0,0.0,21.32913088798523,1.0,0.1,0.5663016438484192,0.0,0.05,0.0,37.0,114.5,0.0555555555555555,0.5,1.0,0.0,1.0,0.0,0.0,39.66012096405029,1.0,0.2,0.5510873794555664,0.0,0.0196078431372549,0.0,104.0,346.5,0.0224719101123595,0.5,1.0,0.25,1.0,0.0
13,Company_Documents,0.0,22.282694101333615,0.8181818181818182,0.1,0.767463743686676,0.0,0.2608695652173913,0.0,53.0,8.2,0.2666666666666666,0.5,1.0,0.0555555555555555,0.8,0.0,0.0,17.11813521385193,0.8181818181818182,0.0,0.8067771196365356,0.0,0.3529411764705882,0.0,35.0,5.14,0.3809523809523809,1.0,1.0,0.0,0.8,0.0,0.0,16.178901433944702,0.9090909090909092,0.0,0.856659471988678,0.0,0.4651162790697674,0.0,28.0,3.76,0.5,0.5,1.0,0.0,0.9,0.0,0.0,24.1440224647522,0.7272727272727273,0.0,0.8518208861351013,0.0,0.5,0.0,17.0,2.24,0.56,0.5,1.0,0.0,0.7,0.0
2,Academia,,33.26670861244202,,,,,,1.0,,,,,,,,,,223.9064791202545,,,,,,1.0,,,,,,,,,0.0,51.507304668426514,0.7272727272727273,0.0,0.7924797534942627,0.0,0.1797752808988764,0.0,78.0,7.1866666666666665,0.2619047619047619,1.0,1.0,0.0,1.0,0.0,0.0,97.8036127090454,0.5454545454545454,0.1,0.7798338532447815,0.0,0.2,0.0,49.0,4.32,0.2142857142857143,1.0,1.0,0.0,0.5454545454545454,0.0
38,Company_Documents,0.0,35.31448292732239,0.1111111111111111,0.4,0.6260489225387573,0.0,0.0176991150442477,0.0,97.0,17.394736842105264,0.0212765957446808,0.5,1.0,0.0555555555555555,0.1111111111111111,0.0,0.0,24.04796934127808,0.1111111111111111,0.4,0.6389803886413574,0.0,0.0194174757281553,0.0,81.0,13.842105263157896,0.0232558139534883,0.5,1.0,0.0,0.1111111111111111,0.0,0.0,24.165260791778564,0.1111111111111111,0.4,0.6368255615234375,0.0,0.0145985401459854,0.0,114.0,18.84210526315789,0.0169491525423728,0.5,1.0,0.3529411764705882,0.1111111111111111,0.0,0.0,45.493767976760864,0.4444444444444444,0.1,0.6699607372283936,0.0,0.0509554140127388,0.0,178.0,27.05263157894737,0.0567375886524822,0.5,1.0,0.0333333333333333,0.4444444444444444,0.0
94,Marketing,0.0,50.07789087295532,0.0,0.1,0.5677725672721863,0.0,0.0,0.0,42.0,70.5,0.0,0.5,1.0,0.0,0.0,0.0,0.0,41.40584874153137,0.5,0.1,0.5651919841766357,0.0,0.0212765957446808,0.0,89.0,141.5,0.0,0.5,1.0,0.3333333333333333,0.0,0.0,0.0,50.23717141151428,0.5,0.0,0.579119086265564,0.0,0.0869565217391304,0.0,20.0,32.25,0.0,0.5,1.0,0.0,0.0,0.0,0.0,33.81568932533264,0.5,0.0,0.6880442500114441,0.0,0.6666666666666666,0.0,1.0,1.0,0.0,0.5,1.0,0.0,0.0,0.0
95,Marketing,0.0,61.85395288467407,1.0,0.2,0.6376709938049316,0.0,0.0259740259740259,0.0,77.0,129.5,0.0277777777777777,0.5,1.0,0.2666666666666666,1.0,0.0,0.0,142.31946873664856,1.0,0.3,0.6224027872085571,0.0,0.0168067226890756,0.0,115.0,195.5,0.0181818181818181,1.0,1.0,0.1818181818181818,1.0,0.0,0.0,26.888031721115112,0.0,0.1,0.6281699538230896,0.0,0.0,0.0,39.0,57.5,0.0,0.5,1.0,0.25,0.0,0.0,0.0,45.08418869972229,1.0,0.1,0.6443900465965271,0.0,0.028169014084507,0.0,70.0,113.25,0.0298507462686567,1.0,1.0,0.1333333333333333,1.0,0.0
30,Company_Documents,0.0,79.84805607795715,0.5,0.0,0.7438402771949768,0.0,0.1351351351351351,0.0,124.0,5.983333333333333,0.1574803149606299,0.5,1.0,0.1428571428571428,0.625,0.0,0.0,182.7356288433075,0.0,0.0,0.6081982851028442,0.0,0.0,0.0,1.0,0.0333333333333333,0.0,0.5,1.0,1.0,0.0,0.0,0.0,43.019898414611816,0.8,1.0,0.6975989937782288,0.0,0.0562390158172231,0.0,529.0,25.516666666666666,0.0442655935613682,0.0,1.0,0.26,0.6875,0.0,0.0,67.75375890731812,0.0,0.0,0.6081982254981995,0.0,0.0,0.0,1.0,0.0333333333333333,0.0,0.5,1.0,1.0,0.0,0.0
41,Company_Documents,0.0,42.05486416816712,0.0,0.1,0.5309737324714661,0.0,0.0,0.0,53.0,188.5,0.0,0.5,1.0,0.0,0.0,0.0,0.0,42.2694046497345,1.0,0.1,0.5789216160774231,0.0,0.0227272727272727,0.0,78.0,276.5,0.0,0.5,1.0,0.0526315789473684,0.0,0.0,0.0,28.311687469482425,0.0,0.0,0.567738950252533,0.0,0.0,0.0,16.0,56.0,0.0,0.5,1.0,0.0,0.0,0.0,0.0,31.34465718269348,0.0,0.0,0.557289183139801,0.0,0.0,0.0,16.0,55.0,0.0,0.5,1.0,0.0,0.0,0.0
81,Legal,,28.425358295440677,,,,,,1.0,,,,,,,,,0.0,60.26599073410034,1.0,0.2,0.6328672766685486,0.0,0.0384615384615384,0.0,203.0,69.38888888888889,0.0437158469945355,0.5,1.0,0.1818181818181818,1.0,0.0,0.0,14.969645977020264,0.75,0.2,0.6923947334289551,0.0,0.0659340659340659,0.0,85.0,29.444444444444443,0.1038961038961038,0.5,1.0,0.2142857142857142,1.0,0.0,0.0,33.36154890060425,0.75,0.2,0.6556189060211182,0.0,0.048780487804878,0.0,113.0,36.61111111111112,0.0571428571428571,0.5,1.0,0.1428571428571428,0.75,0.0
10,Company_Documents,0.0,77.06989765167236,0.5,0.1,0.6413623690605164,0.0,0.018348623853211,0.0,94.0,113.66666666666669,0.0,1.0,1.0,0.1111111111111111,0.0,0.0,,234.29316234588623,,,,,,1.0,,,,,,,,,0.0,24.110249996185303,0.5,0.5,0.6119723916053772,0.0,0.0117647058823529,0.0,158.0,189.0,0.0,0.5,1.0,0.088235294117647,0.0,0.0,0.0,27.78237771987915,0.5,0.0,0.6369534134864807,0.0,0.0246913580246913,0.0,70.0,75.33333333333333,0.0,0.5,1.0,0.0714285714285714,0.0,0.0
20,Company_Documents,0.0,60.88031053543091,1.0,0.4,0.6231600642204285,0.0,0.0384615384615384,0.0,202.0,50.55172413793103,0.0462427745664739,1.0,1.0,0.1025641025641025,1.0,0.0,0.0,26.35755467414856,1.0,0.1,0.6198409795761108,0.0,0.0479041916167664,0.0,155.0,36.82758620689656,0.0629921259842519,0.5,1.0,0.1875,1.0,0.0,0.0,28.440759420394897,1.0,0.0,0.658004105091095,0.0,0.0457142857142857,0.0,170.0,35.44827586206897,0.0592592592592592,0.5,1.0,0.1388888888888889,1.0,0.0,0.0,28.373268127441406,1.0,0.0,0.7967737317085266,0.0,0.25,0.0,28.0,6.172413793103448,0.2666666666666667,0.5,1.0,0.0,1.0,0.0
58,Company_Documents,0.0,28.936760425567627,0.8666666666666667,0.4,0.7235669493675232,0.0,0.1870503597122302,0.0,126.0,11.324324324324325,0.1666666666666666,0.5,1.0,0.2,0.8461538461538461,0.0,0.0,18.788596391677856,0.8666666666666667,0.4,0.7101314067840576,0.0,0.1954887218045112,0.0,119.0,10.66216216216216,0.176,0.5,1.0,0.2051282051282051,0.8461538461538461,0.0,0.0,15.35723614692688,0.8666666666666667,0.3,0.789003312587738,0.0,0.4406779661016949,0.0,43.0,3.5675675675675675,0.4074074074074075,0.5,1.0,0.0714285714285714,0.8461538461538461,0.0,0.0,21.98632907867432,0.8666666666666667,0.4,0.7882210612297058,0.0,0.4,0.0,50.0,4.067567567567568,0.3793103448275862,0.5,1.0,0.0,0.8461538461538461,0.0
57,Company_Documents,0.0,33.008856773376465,1.0,0.1,0.6261457204818726,0.0,0.0224719101123595,0.0,88.0,108.6,0.0249999999999999,0.5,1.0,0.0588235294117647,1.0,0.0,0.0,54.67434310913086,1.0,0.1,0.6074503660202026,0.0,0.0121212121212121,0.0,163.0,214.6,0.0132450331125827,0.5,1.0,0.08,1.0,0.0,0.0,18.71507406234741,1.0,0.0,0.7543941736221313,0.0,0.2857142857142857,0.0,6.0,7.6,0.2857142857142857,0.5,1.0,0.0,1.0,0.0,0.0,35.190834760665894,1.0,0.1,0.6646435856819153,0.0,0.0408163265306122,0.0,48.0,59.6,0.0434782608695652,0.5,1.0,0.1666666666666666,1.0,0.0
8,Company_Documents,0.0,166.0528838634491,0.0,0.1,0.5259340405464172,0.0,0.0,0.0,327.0,364.4285714285714,0.0,0.5,1.0,0.216867469879518,0.0,0.0,0.0,40.90610599517822,0.0,0.1,0.5477644205093384,0.0,0.0,0.0,161.0,159.0,0.0137931034482758,0.5,1.0,0.2142857142857142,1.0,0.0,0.0,14.639822483062744,0.0,0.0,0.576708197593689,0.0,0.0,0.0,73.0,72.71428571428571,0.0327868852459016,0.5,1.0,0.3181818181818182,1.0,0.0,0.0,21.351104021072388,0.0,0.0,0.6675524115562439,0.0,0.0,0.0,1.0,1.4285714285714286,1.0,0.5,1.0,0.0,1.0,1.0
56,Company_Documents,0.0,49.57341289520264,1.0,0.6,0.582339346408844,0.0,0.0198019801980198,0.0,99.0,673.0,0.0222222222222222,0.5,1.0,0.0526315789473684,1.0,0.0,0.0,18.228895664215088,1.0,0.6,0.602622926235199,0.0,0.0416666666666666,0.0,46.0,314.0,0.0425531914893616,0.5,1.0,0.1176470588235294,1.0,0.0,0.0,40.852346658706665,1.0,0.5,0.5995006561279297,0.0,0.064516129032258,0.0,30.0,174.0,0.064516129032258,0.5,1.0,0.0666666666666666,1.0,0.0,0.0,25.552195072174072,0.0,0.1,0.5778525471687317,0.0,0.0,0.0,48.0,299.0,0.0,0.5,1.0,0.0,0.0,0.0
92,Industry_Reports,0.0,40.34857892990112,1.0,1.0,0.5622110962867737,0.0,0.0123456790123456,0.0,158.0,1042.0,0.0137931034482758,0.5,1.0,0.0294117647058823,1.0,0.0,0.0,38.073368310928345,1.0,1.0,0.5391589403152466,0.0,0.0122699386503067,0.0,160.0,1083.0,0.0135135135135135,1.0,1.0,0.0277777777777777,1.0,0.0,0.0,37.481274366378784,1.0,1.0,0.5780783295631409,0.0,0.0149253731343283,0.0,131.0,812.0,0.0163934426229508,0.5,1.0,0.1,1.0,0.0,0.0,35.446765184402466,1.0,0.9,0.5921574831008911,0.0,0.018348623853211,0.0,107.0,666.0,0.0198019801980198,0.5,1.0,0.0344827586206896,1.0,0.0
60,Company_Documents,,80.61645483970642,,,,,,1.0,,,,,,,,,0.0,111.9835171699524,0.0,0.6,0.56324702501297,0.0,0.0,0.0,142.0,235.0,0.0,1.0,1.0,0.3333333333333333,0.0,0.0,0.0,24.596798419952396,0.0,0.0,0.5683249831199646,0.0,0.0,0.0,19.0,30.0,0.0,0.5,1.0,0.0,0.0,0.0,0.0,29.415323495864868,0.0,0.1,0.5719761848449707,0.0,0.0,0.0,88.0,136.5,0.0,0.5,1.0,0.3333333333333333,0.0,0.0
5,Academia,0.0,38.87589120864868,0.6666666666666666,0.1,0.8014330863952637,0.0,0.1509433962264151,0.0,93.0,7.7560975609756095,0.2105263157894736,1.0,1.0,0.2142857142857142,0.9090909090909092,0.0,0.0,29.40230631828308,0.6666666666666666,0.2,0.7909568548202515,0.0,0.1739130434782609,0.0,80.0,6.878048780487805,0.2298850574712643,0.5,1.0,0.0833333333333333,0.9090909090909092,0.0,0.0,21.843451499938965,0.9166666666666666,0.1,0.8186681866645813,0.0,0.2444444444444444,0.0,75.0,6.621951219512195,0.25,0.5,1.0,0.0,0.9090909090909092,0.0,0.0,26.30924725532532,0.8333333333333334,0.1,0.8016322255134583,0.0,0.1709401709401709,0.0,106.0,8.768292682926829,0.1869158878504673,0.5,1.0,0.1538461538461538,0.9090909090909092,0.0
59,Company_Documents,0.0,32.66303586959839,1.0,0.4,0.67352694272995,0.0,0.0338983050847457,0.0,116.0,36.523809523809526,0.037037037037037,0.5,1.0,0.1851851851851851,1.0,0.0,0.0,26.117745876312256,1.0,0.8,0.6666384935379028,0.0,0.0207253886010362,0.0,190.0,57.71428571428572,0.0227272727272727,1.0,1.0,0.15625,1.0,0.0,,247.0814197063446,,,,,,1.0,,,,,,,,,0.0,30.81155633926392,1.0,0.3,0.6733331084251404,0.0,0.0235294117647058,0.0,168.0,48.76190476190476,0.0254777070063694,1.0,1.0,0.16,1.0,0.0
62,Company_Documents,0.0,35.12166404724121,1.0,0.1,0.7192720174789429,0.0,0.0597014925373134,0.0,64.0,33.30769230769231,0.0666666666666666,0.5,1.0,0.0,1.0,0.0,0.0,42.89312386512756,1.0,0.2,0.7124277353286743,0.0,0.0444444444444444,0.0,87.0,43.46153846153846,0.0493827160493827,0.5,1.0,0.0,1.0,0.0,0.0,32.43982648849487,0.0,0.0,0.7174842357635498,0.0,0.0,0.0,16.0,8.76923076923077,0.0,0.5,1.0,0.0,0.0,0.0,0.0,44.64982867240906,1.0,0.1,0.7723747491836548,0.0,0.1290322580645161,0.0,27.0,12.692307692307692,0.1481481481481481,0.5,1.0,0.0,1.0,0.0
77,Government_Consultations,0.0,38.53670644760132,1.0,0.2,0.5911427736282349,0.0,0.0188679245283018,0.0,99.0,229.66666666666663,0.0224719101123595,1.0,1.0,0.0,1.0,0.0,0.0,32.376378297805786,1.0,0.6,0.5794627666473389,0.0,0.0147058823529411,0.0,126.0,294.3333333333333,0.0181818181818181,0.5,1.0,0.1034482758620689,1.0,0.0,0.0,40.486668825149536,1.0,0.4,0.6057787537574768,0.0,0.0112359550561797,0.0,172.0,380.0,0.0128205128205128,1.0,1.0,0.09375,1.0,0.0,0.0,34.038562059402466,1.0,0.1,0.6320929527282715,0.0,0.0259740259740259,0.0,70.0,157.0,0.0317460317460317,0.5,1.0,0.0,1.0,0.0
47,Company_Documents,,27.64406728744507,,,,,,1.0,,,,,,,,,0.0,25.102271795272827,0.5483870967741935,1.0,0.7872157096862793,0.0,0.2281879194630872,0.0,121.0,3.491228070175439,0.4195804195804196,0.5,1.0,0.131578947368421,1.0,0.0,0.0,64.86869549751282,0.5483870967741935,0.0,0.901369333267212,0.0,0.4594594594594594,0.0,56.0,1.4956140350877194,0.8169014084507042,0.5,1.0,0.1538461538461538,0.9666666666666668,0.0,0.0,30.24423122406006,0.5483870967741935,0.1,0.8803655505180359,0.0,0.3999999999999999,0.0,68.0,1.7412280701754386,0.7160493827160493,0.5,1.0,0.0625,0.9666666666666668,0.0
40,Company_Documents,0.0,38.41718769073486,0.0,0.1,0.6083086133003235,0.0,0.0,0.0,48.0,62.2,0.0,0.5,1.0,0.0,0.0,0.0,0.0,76.27438735961914,0.0,0.1,0.5929871797561646,0.0,0.0,0.0,119.0,149.0,0.0,0.5,1.0,0.1428571428571428,0.0,0.0,0.0,58.32159447669983,0.0,0.1,0.6121108531951904,0.0,0.0,0.0,65.0,77.6,0.0,0.5,1.0,0.0714285714285714,0.0,0.0,0.0,25.14653325080872,0.0,0.2,0.6028637886047363,0.0,0.0,0.0,53.0,60.6,0.0,0.5,1.0,0.0,0.0,0.0
42,Company_Documents,0.0,49.47066378593445,1.0,0.1,0.680052638053894,0.0,0.0560747663551401,0.0,108.0,43.4,0.06,0.5,0.5,0.15,1.0,0.0,0.0,41.53618335723877,1.0,0.1,0.6453344821929932,0.0,0.048780487804878,0.0,123.0,52.6,0.0530973451327433,0.5,1.0,0.2777777777777778,1.0,0.0,0.0,26.5166699886322,1.0,0.0,0.6285882592201233,0.0,0.037037037037037,0.0,182.0,76.26666666666667,0.0392156862745098,0.5,1.0,0.4117647058823529,1.0,0.0,0.0,35.576125144958496,0.3333333333333333,0.1,0.708522617816925,0.0,0.0444444444444444,0.0,44.0,19.266666666666666,0.1463414634146341,0.5,1.0,0.0,1.0,0.0
43,Company_Documents,0.0,42.94755125045776,1.0,0.1,0.7173160314559937,0.0,0.3669724770642201,0.0,98.0,4.45,0.2745098039215686,0.5,1.0,0.1052631578947368,0.8235294117647058,0.0,0.0,31.850110054016117,1.0,1.0,0.7145559191703796,0.0,0.3149606299212598,0.0,107.0,4.707142857142857,0.2314049586776859,0.5,1.0,0.1666666666666666,0.8235294117647058,0.0,0.0,26.376254558563232,0.4,0.0,0.8084515333175659,0.0,0.3555555555555555,0.0,31.0,1.3071428571428572,0.25,0.5,1.0,0.0,0.2941176470588235,0.0,0.0,28.724900484085083,1.0,0.1,0.8318937420845032,0.0,0.5882352941176471,0.0,58.0,2.4285714285714284,0.4516129032258064,0.5,1.0,0.0,0.8235294117647058,0.0
78,Government_Consultations,0.0,47.0626699924469,0.7692307692307693,0.0,0.911694884300232,0.0,0.8695652173913044,0.0,10.0,0.7608695652173914,0.8695652173913044,0.5,1.0,0.0,0.7692307692307693,0.0,0.0,43.84839105606079,0.7692307692307693,0.1,0.8558908104896545,0.0,0.4444444444444445,0.0,32.0,2.5434782608695654,0.6046511627906976,0.5,1.0,0.0,1.0,0.0,0.0,44.467071533203125,0.7692307692307693,0.0,0.9116950035095216,0.0,0.8695652173913044,0.0,10.0,0.7608695652173914,0.8695652173913044,0.5,1.0,0.0,0.7692307692307693,0.0,0.0,40.88675808906555,0.7692307692307693,0.0,0.911695122718811,0.0,0.8695652173913044,0.0,10.0,0.7608695652173914,0.8695652173913044,0.5,1.0,0.0,0.7692307692307693,0.0
52,Company_Documents,0.0,55.21073174476624,1.0,0.1,0.5519513487815857,0.0,0.0166666666666666,0.0,125.0,802.0,0.018018018018018,0.5,1.0,0.032258064516129,1.0,0.0,0.0,37.97499394416809,1.0,0.7,0.5603994727134705,0.0,0.0185185185185185,0.0,107.0,709.0,0.0198019801980198,0.5,1.0,0.1,1.0,0.0,0.0,33.68499779701233,0.0,0.4,0.5525410771369934,0.0,0.0,0.0,26.0,162.0,0.0,0.5,1.0,0.0833333333333333,0.0,0.0,0.0,31.363938570022583,1.0,0.1,0.5892993807792664,0.0,0.0392156862745098,0.0,56.0,328.0,0.0408163265306122,0.5,1.0,0.0,1.0,0.0
73,Government_Consultations,0.0,47.587666273117065,1.0,0.1,0.5870484709739685,0.0,0.0089285714285714,0.0,226.0,230.8571428571429,0.0100502512562814,0.5,1.0,0.2,1.0,0.0,0.0,49.46704721450806,1.0,0.2,0.5906131267547607,0.0,0.0080971659919028,0.0,247.0,242.8571428571429,0.0090497737556561,1.0,1.0,0.1333333333333333,1.0,0.0,,121.07157444953918,,,,,,1.0,,,,,,,,,0.0,51.19510316848755,1.0,0.2,0.5867547988891602,0.0,0.0068493150684931,0.0,286.0,271.1428571428572,0.0,1.0,1.0,0.2,0.0,0.0
18,Company_Documents,0.0,53.800429344177246,1.0,0.5,0.5981967449188232,0.0,0.0575539568345323,0.0,134.0,35.08,0.0620155038759689,1.0,1.0,0.3636363636363636,1.0,0.0,0.0,31.95104956626892,1.0,0.4,0.6100670099258423,0.0,0.0575539568345323,0.0,136.0,34.2,0.0629921259842519,1.0,1.0,0.4210526315789473,1.0,0.0,0.0,18.187941074371334,1.0,0.0,0.6325190663337708,0.0,0.1126760563380281,0.0,67.0,17.16,0.1212121212121212,0.5,1.0,0.1,1.0,0.0,0.0,26.15772271156311,1.0,0.0,0.8055343627929688,0.0,0.7272727272727273,0.0,10.0,2.04,0.7272727272727273,0.5,1.0,0.0,1.0,0.0
28,Company_Documents,,29.181788206100464,,,,,,1.0,,,,,,,,,0.0,24.972897052764893,0.0,0.1,0.5748317837715149,0.0,0.0,0.0,210.0,247.0,0.0,0.5,1.0,0.1836734693877551,0.0,0.0,0.0,133.65496969223022,0.0,0.0,0.5386471152305603,0.0,0.0,0.0,248.0,271.8,0.0,0.5,1.0,0.3333333333333333,0.0,0.0,0.0,34.10546350479126,0.0,0.0,0.5614081621170044,0.0,0.0,0.0,128.0,156.8,0.0,0.5,1.0,0.0857142857142857,0.0,0.0
96,Marketing,0.0,33.50977683067322,1.0,0.2,0.7327189445495605,0.0,0.1470588235294117,0.0,61.0,13.090909090909092,0.135593220338983,0.5,1.0,0.0833333333333333,1.0,0.0,0.0,39.85607981681824,1.0,0.1,0.7447654008865356,0.0,0.1428571428571428,0.0,64.0,13.242424242424242,0.1290322580645161,0.5,1.0,0.0625,1.0,0.0,0.0,25.316169023513797,1.0,0.0,0.7870224714279175,0.0,0.2941176470588235,0.0,28.0,5.787878787878788,0.2857142857142857,0.5,1.0,0.0,1.0,0.0,0.0,33.634809494018555,1.0,0.1,0.7755745053291321,0.0,0.2564102564102564,0.0,33.0,6.727272727272728,0.2580645161290322,0.5,1.0,0.0,1.0,0.0
7,Company_Documents,0.0,50.619683027267456,1.0,0.4,0.6207509636878967,0.0,0.0222222222222222,0.0,88.0,94.5,0.0253164556962025,0.5,1.0,0.15,1.0,0.0,0.0,21.60233163833618,1.0,0.5,0.6006917357444763,0.0,0.0153846153846153,0.0,125.0,136.83333333333334,0.0169491525423728,0.5,1.0,0.1851851851851851,1.0,0.0,0.0,27.53929591178894,0.0,0.0,0.5985777378082275,0.0,0.0,0.0,13.0,13.166666666666666,0.0,0.5,1.0,0.0,0.0,0.0,0.0,17.105253219604492,0.0,0.1,0.629616916179657,0.0,0.0,0.0,13.0,13.166666666666666,0.0,0.5,1.0,0.0,0.0,0.0
31,Company_Documents,0.0,24.622965097427368,0.8181818181818182,0.1,0.7353250980377197,0.0,0.169811320754717,0.0,87.0,8.227272727272727,0.216867469879518,0.5,1.0,0.0,0.9,0.0,0.0,30.786509037017822,0.8181818181818182,0.1,0.6570047736167908,0.0,0.0789473684210526,0.0,182.0,17.803030303030305,0.0946745562130177,0.5,1.0,0.4166666666666667,0.8,0.0,0.0,96.37693333625792,0.9090909090909092,0.2,0.7317264080047607,0.0,0.1587301587301587,0.0,109.0,10.06060606060606,0.1666666666666666,0.5,1.0,0.2692307692307692,0.8,0.0,0.0,27.555832862854004,0.1818181818181818,0.0,0.7367085814476013,0.0,0.3076923076923077,0.0,1.0,0.0909090909090909,0.1818181818181818,0.5,1.0,0.0,0.1,0.0
89,Industry_Reports,0.0,32.34254860877991,0.0,0.1,0.5974538326263428,0.0,0.0,0.0,67.0,98.8,0.0,0.5,1.0,0.5,0.0,0.0,0.0,35.320242404937744,0.0,0.1,0.5854295492172241,0.0,0.0,0.0,78.0,106.2,0.0,0.5,1.0,0.4615384615384615,0.0,0.0,0.0,25.9492666721344,0.0,0.0,0.6113797426223755,0.0,0.0,0.0,35.0,43.6,0.0,0.5,1.0,0.2727272727272727,0.0,0.0,0.0,22.921066999435425,0.0,0.0,0.622012734413147,0.0,0.0,0.0,28.0,38.6,0.0,0.5,1.0,0.1428571428571428,0.0,0.0
48,Company_Documents,0.0,150.2746548652649,1.0,0.1,0.6570653915405273,0.0,0.05,0.0,199.0,49.2,0.053475935828877,0.5,1.0,0.4782608695652174,1.0,0.0,0.0,134.07541680336,1.0,0.1,0.6903912425041199,0.0,0.072992700729927,0.0,129.0,32.04,0.081967213114754,0.5,1.0,0.2083333333333333,1.0,0.0,0.0,259.5344281196594,1.0,1.0,0.6099268794059753,0.0,0.0214132762312633,0.0,479.0,114.48,0.0228310502283105,0.5,1.0,0.3888888888888889,1.0,0.0,0.0,36.52149391174317,0.8,0.1,0.7784460783004761,0.0,0.1333333333333333,0.0,61.0,13.28,0.1403508771929824,0.5,1.0,0.0,0.8,0.0
15,Company_Documents,,26.261404275894165,,,,,,1.0,,,,,,,,,0.0,26.37722682952881,1.0,0.1,0.6008932590484619,0.0,0.0465116279069767,0.0,115.0,57.23076923076923,0.0399999999999999,0.5,1.0,0.3157894736842105,1.0,0.0,0.0,16.589252710342407,1.0,0.0,0.7243706583976746,0.0,0.1463414634146341,0.0,32.0,15.615384615384617,0.1290322580645161,0.5,1.0,0.0,1.0,0.0,0.0,21.75896430015564,1.0,0.2,0.6696456670761108,0.0,0.0789473684210526,0.0,64.0,31.0,0.0677966101694915,0.5,1.0,0.25,1.0,0.0
36,Company_Documents,0.0,31.97300219535828,0.3333333333333333,0.1,0.6289737820625305,0.0,0.0341880341880341,0.0,109.0,26.51851851851852,0.1020408163265306,0.5,1.0,0.28,1.0,0.0,0.0,32.83215308189392,0.5,0.8,0.6062089204788208,0.0,0.0359281437125748,0.0,161.0,40.55555555555556,0.0422535211267605,0.5,1.0,0.1142857142857142,0.6,0.0,0.0,64.47534847259521,0.5,0.0,0.614387035369873,0.0,0.0363636363636363,0.0,160.0,38.5925925925926,0.0719424460431654,0.5,1.0,0.1851851851851851,1.0,0.0,0.0,30.943260192871094,0.5,0.7,0.621699333190918,0.0,0.0306122448979591,0.0,187.0,42.851851851851855,0.0649350649350649,0.5,1.0,0.1621621621621621,1.0,0.0
46,Company_Documents,0.0,30.660463333129883,1.0,0.1,0.7845361828804016,0.0,0.1833333333333333,0.0,109.0,10.59375,0.174757281553398,0.5,1.0,0.0588235294117647,1.0,0.0,0.0,24.305713415145878,1.0,0.1,0.7314475178718567,0.0,0.1195652173913043,0.0,175.0,16.59375,0.108433734939759,0.5,1.0,0.4166666666666667,1.0,0.0,0.0,81.25685477256775,1.0,0.0,0.8667296767234802,0.0,0.5238095238095238,0.0,31.0,2.984375,0.5142857142857142,0.5,1.0,1.0,1.0,0.0,0.0,25.26385927200317,1.0,0.1,0.8282445669174194,0.0,0.3013698630136986,0.0,62.0,5.65625,0.2857142857142857,0.5,1.0,0.0,1.0,0.0
39,Company_Documents,0.0,43.5310480594635,1.0,0.1,0.6816360354423523,0.0,0.2857142857142857,0.0,34.0,6.1,0.303030303030303,0.5,1.0,0.0,1.0,0.0,0.0,102.3969428539276,1.0,0.5,0.6192670464515686,0.0,0.0763358778625954,0.0,129.0,21.95,0.0806451612903225,0.5,1.0,0.4285714285714285,1.0,0.0,0.0,31.184627056121823,0.8,0.0,0.9142420291900636,0.0,0.8000000000000002,0.0,5.0,0.95,0.8000000000000002,0.5,1.0,0.0,0.8,0.0,0.0,40.0385160446167,1.0,0.1,0.751266360282898,0.0,0.3333333333333333,0.0,29.0,4.65,0.3571428571428571,0.5,1.0,0.0,1.0,0.0
72,Government_Consultations,0.0,37.62682271003723,0.9285714285714286,0.1,0.7685783505439758,0.0,0.6046511627906977,0.0,67.0,2.25974025974026,0.6506024096385543,0.5,1.0,0.0,0.9642857142857144,0.0,0.0,78.84041333198547,0.9285714285714286,0.1,0.7202519178390503,0.0,0.3611111111111111,0.0,123.0,4.103896103896104,0.3884892086330935,0.5,1.0,0.0666666666666666,0.9642857142857144,0.0,0.0,31.69141936302185,0.5357142857142857,0.0,0.7895289659500122,0.0,0.4109589041095889,0.0,55.0,1.6017316017316017,0.4444444444444444,0.5,1.0,0.0,0.5714285714285714,0.0,0.0,39.3813042640686,0.75,0.0,0.8527525663375854,0.0,0.6774193548387097,0.0,41.0,1.316017316017316,0.721311475409836,0.5,1.0,0.0,0.7857142857142857,0.0
84,Legal,0.0,47.49641704559326,0.6666666666666666,0.1,0.6319075226783752,0.0,0.0298507462686567,0.0,130.0,53.625,0.0353982300884955,0.0,1.0,0.3571428571428571,0.6666666666666666,0.0,0.0,53.26143908500672,0.6666666666666666,0.1,0.6048960089683533,0.0,0.0205128205128205,0.0,191.0,76.1875,0.024390243902439,0.5,1.0,0.2222222222222222,0.6666666666666666,0.0,0.0,23.14331293106079,0.6666666666666666,0.0,0.6943917274475098,0.0,0.0769230769230769,0.0,46.0,18.1875,0.0930232558139534,1.0,1.0,0.1,0.6666666666666666,0.0,0.0,24.33663964271545,0.6666666666666666,0.0,0.7248747944831848,0.0,0.16,0.0,22.0,8.125,0.1904761904761905,0.5,1.0,0.0,0.6666666666666666,0.0
67,Company_Documents,0.0,52.48781418800354,0.8571428571428571,0.1,0.6929652094841003,0.0,0.1714285714285714,0.0,115.0,11.833333333333334,0.1714285714285714,0.5,1.0,0.08,0.75,0.0,0.0,31.592870950698853,0.7142857142857143,0.1,0.7311135530471802,0.0,0.2531645569620253,0.0,65.0,6.7727272727272725,0.1818181818181818,0.5,1.0,0.3125,0.5,0.0,0.0,38.796918630599976,0.6428571428571429,0.0,0.8338727951049805,0.0,0.4090909090909091,0.0,27.0,2.303030303030303,0.3333333333333333,0.5,1.0,0.0,0.5,0.0,0.0,28.92426800727844,0.7142857142857143,0.1,0.732056736946106,0.0,0.1754385964912281,0.0,98.0,10.287878787878787,0.1212121212121212,0.5,1.0,0.2631578947368421,0.5,0.0
85,Legal,,30.211804151535038,,,,,,1.0,,,,,,,,,0.0,26.34667587280273,1.0,0.1,0.6913546323776245,0.0,0.0219780219780219,0.0,90.0,50.54545454545455,0.024390243902439,0.5,1.0,0.0,1.0,0.0,0.0,15.17102313041687,0.0,0.1,0.6467291116714478,0.0,0.0,0.0,60.0,33.54545454545455,0.0,0.5,1.0,0.0,0.0,0.0,0.0,21.413533210754395,1.0,0.1,0.6948351860046387,0.0,0.0294117647058823,0.0,67.0,39.0,0.032258064516129,0.5,1.0,0.0,1.0,0.0
1,Academia,0.0,35.05733919143677,0.875,0.3,0.7358617782592773,0.0,0.1999999999999999,0.0,62.0,8.036363636363637,0.1904761904761904,0.5,1.0,0.0833333333333333,0.8571428571428571,0.0,0.0,18.66916251182556,0.875,0.3,0.7505103945732117,0.0,0.2692307692307691,0.0,43.0,6.036363636363636,0.2553191489361702,0.5,1.0,0.125,0.8571428571428571,0.0,0.0,22.59628534317017,0.875,0.4,0.7490817904472351,0.0,0.2799999999999999,0.0,41.0,5.909090909090909,0.2727272727272727,0.5,1.0,0.1111111111111111,0.8571428571428571,0.0,0.0,26.619542598724365,0.875,0.3,0.7435473799705505,0.0,0.3043478260869565,0.0,37.0,4.890909090909091,0.3076923076923076,0.5,1.0,0.0,0.8571428571428571,0.0
29,Company_Documents,,29.12248134613037,,,,,,1.0,,,,,,,,,0.0,53.20863342285156,1.0,0.0,0.5608934760093689,0.0,0.0166666666666666,0.0,249.0,368.0,0.0094786729857819,0.5,1.0,0.1886792452830188,1.0,0.0,0.0,16.7594051361084,0.5,0.0,0.6069445013999939,0.0,0.0192307692307692,0.0,118.0,149.0,0.0,0.5,1.0,0.25,0.0,0.0,0.0,32.71950078010559,1.0,0.0,0.6097923517227173,0.0,0.0396039603960396,0.0,104.0,166.25,0.0227272727272727,0.5,1.0,0.1034482758620689,1.0,0.0
14,Company_Documents,,33.64602065086365,,,,,,1.0,,,,,,,,,0.0,111.85042786598206,1.0,0.2,0.6107174754142761,0.0,0.0392156862745098,0.0,139.0,86.54545454545455,0.03125,0.5,1.0,0.0,1.0,0.0,0.0,24.956353187561035,1.0,0.0,0.6813580393791199,0.0,0.0618556701030927,0.0,92.0,49.81818181818182,0.050632911392405,0.5,1.0,0.1428571428571428,1.0,0.0,0.0,26.1330144405365,1.0,0.0,0.8761730790138245,0.0,1.0,0.0,2.0,1.181818181818182,1.0,0.5,1.0,0.0,1.0,1.0
65,Company_Documents,0.0,30.055415153503414,0.7727272727272727,0.1,0.8073432445526123,0.0,0.3008849557522124,0.0,87.0,5.178217821782178,0.3404255319148936,0.5,1.0,0.5,0.8421052631578947,0.0,0.0,30.25172996520996,0.8181818181818182,0.0,0.8336997628211975,0.0,0.3243243243243243,0.0,86.0,4.891089108910891,0.3298969072164948,0.5,1.0,0.0714285714285714,0.8421052631578947,0.0,,101.19610953330994,,,,,,1.0,,,,,,,,,0.0,24.49440312385559,0.7272727272727273,0.2,0.8740516304969788,0.0,0.3265306122448979,0.0,70.0,4.178217821782178,0.3950617283950617,0.5,1.0,0.25,0.8421052631578947,0.0
12,Company_Documents,,29.99668312072754,,,,,,1.0,,,,,,,,,0.0,31.88608717918396,0.75,0.0,0.7872409820556641,0.0,0.309278350515464,0.0,73.0,5.516483516483516,0.358974358974359,0.5,1.0,0.2307692307692307,0.875,0.0,0.0,24.08832693099976,0.55,0.0,0.8564708828926086,0.0,0.3859649122807017,0.0,34.0,2.4615384615384617,0.3478260869565218,0.5,1.0,0.0,0.5,0.0,0.0,20.533172607421875,0.55,0.0,0.8697808980941772,0.0,0.4489795918367347,0.0,27.0,1.835164835164835,0.4102564102564102,0.5,1.0,0.0,0.5,0.0
49,Company_Documents,0.0,67.9971559047699,0.4117647058823529,0.1,0.7261138558387756,0.0,0.1261261261261261,0.0,99.0,4.992,0.24,0.5,1.0,0.2,0.75,0.0,0.0,64.68711113929749,0.5882352941176471,0.1,0.7311387062072754,0.0,0.0884955752212389,0.0,215.0,11.464,0.1516587677725118,0.5,1.0,0.25,1.0,0.0,0.0,21.56416654586792,0.4117647058823529,0.0,0.7798722386360168,0.0,0.2692307692307692,0.0,38.0,1.84,0.2978723404255319,0.5,1.0,0.3636363636363636,0.4375,0.0,0.0,31.91879963874817,0.5882352941176471,0.1,0.7954471707344055,0.0,0.2469135802469136,0.0,71.0,3.36,0.3835616438356165,0.5,1.0,0.2222222222222222,0.875,0.0
4,Academia,0.0,46.11463952064514,1.0,0.2,0.7028669118881226,0.0,0.0571428571428571,0.0,68.0,33.285714285714285,0.0615384615384615,0.5,1.0,0.05,1.0,0.0,0.0,25.89794230461121,1.0,0.1,0.7051726579666138,0.0,0.0727272727272727,0.0,50.0,25.214285714285715,0.0851063829787234,0.5,1.0,0.0909090909090909,1.0,0.0,0.0,27.6806423664093,1.0,0.0,0.7283172011375427,0.0,0.097560975609756,0.0,39.0,17.428571428571427,0.1081081081081081,0.5,1.0,0.0,1.0,0.0,0.0,22.17967939376831,1.0,0.0,0.7367780208587646,0.0,0.1052631578947368,0.0,36.0,15.785714285714286,0.1176470588235294,0.5,1.0,0.1666666666666666,1.0,0.0
80,Legal,,30.629239797592163,,,,,,1.0,,,,,,,,,0.0,21.70608282089233,0.7857142857142857,0.2,0.7388700842857361,0.0,0.1047619047619047,0.0,194.0,17.305555555555557,0.1016949152542372,0.5,1.0,0.2105263157894736,0.75,0.0,0.0,62.167518615722656,0.7142857142857143,0.2,0.7785528898239136,0.0,0.1183431952662721,0.0,151.0,12.708333333333334,0.1111111111111111,0.5,1.0,0.1538461538461538,0.6666666666666666,0.0,0.0,34.477153062820435,0.7857142857142857,0.2,0.73744797706604,0.0,0.0982142857142857,0.0,205.0,17.166666666666668,0.0947368421052631,0.5,1.0,0.2857142857142857,0.75,0.0
98,Marketing,0.0,89.13848352432251,0.9,0.1,0.7207997441291809,0.0,0.075,0.0,228.0,21.17105263157895,0.0747663551401869,0.5,1.0,0.0571428571428571,0.8888888888888888,0.0,0.0,56.56856417655945,0.9,0.2,0.7505895495414734,0.0,0.1374045801526717,0.0,120.0,10.947368421052632,0.1454545454545454,1.0,1.0,0.0588235294117647,0.8888888888888888,0.0,0.0,29.419129848480225,0.9,0.0,0.8144333362579346,0.0,0.3461538461538461,0.0,40.0,4.078947368421052,0.3555555555555555,0.5,1.0,0.0,0.8888888888888888,0.0,0.0,40.49403977394104,0.9,0.1,0.8122456073760986,0.0,0.3333333333333333,0.0,42.0,4.302631578947368,0.3478260869565217,0.5,1.0,0.0,0.8888888888888888,0.0
24,Company_Documents,0.0,68.26349425315857,1.0,0.8,0.5533192753791809,0.0,0.0168067226890756,0.0,229.0,132.16666666666666,0.0098522167487684,0.5,1.0,0.2040816326530612,0.5,0.0,0.0,29.50402569770813,1.0,0.1,0.5623676180839539,0.0,0.0239520958083832,0.0,163.0,94.5,0.0150375939849624,0.5,1.0,0.1212121212121212,0.5,0.0,0.0,20.478482961654663,1.0,0.5,0.5906153321266174,0.0,0.0236686390532544,0.0,176.0,99.0,0.0142857142857142,0.5,1.0,0.1666666666666666,0.5,0.0,0.0,32.49513864517212,1.0,0.2,0.6162421107292175,0.0,0.03125,0.0,120.0,67.66666666666667,0.0196078431372549,0.5,1.0,0.0869565217391304,0.5,0.0
32,Company_Documents,,30.45731520652771,,,,,,1.0,,,,,,,,,0.0,38.2467360496521,0.9090909090909092,0.1,0.7280692458152771,0.0,0.119047619047619,0.0,146.0,14.129032258064516,0.1398601398601398,0.5,1.0,0.2142857142857142,1.0,0.0,0.0,31.71799612045288,0.8181818181818182,0.0,0.775705873966217,0.0,0.1666666666666666,0.0,93.0,8.17741935483871,0.2,0.5,1.0,0.3333333333333333,0.9,0.0,0.0,26.29681611061096,0.8181818181818182,0.0,0.8354427814483643,0.0,0.3157894736842105,0.0,40.0,3.8225806451612905,0.4347826086956522,0.5,1.0,0.0,1.0,0.0
21,Company_Documents,0.0,36.83565616607666,0.5,0.1,0.5829965472221375,0.0,0.032258064516129,0.0,52.0,98.0,0.0,0.5,1.0,0.0555555555555555,0.0,0.0,0.0,23.194923877716064,1.0,0.1,0.5986196398735046,0.0,0.0373831775700934,0.0,95.0,162.75,0.0,1.0,1.0,0.238095238095238,0.0,0.0,0.0,28.075833082199097,0.5,0.0,0.6293904185295105,0.0,0.2,0.0,7.0,11.0,0.0,0.5,1.0,0.0,0.0,0.0,0.0,26.412426948547363,0.5,0.1,0.6045373678207397,0.0,0.0294117647058823,0.0,61.0,107.5,0.0,0.5,1.0,0.125,0.0,0.0
3,Academia,0.0,34.195679664611816,1.0,0.2,0.6703118085861206,0.0,0.037037037037037,0.0,154.0,52.333333333333336,0.0275862068965517,1.0,1.0,0.0555555555555555,1.0,0.0,0.0,21.414937019348145,1.0,0.2,0.6389523148536682,0.0,0.0289855072463768,0.0,193.0,67.61904761904762,0.0224719101123595,0.5,1.0,0.074074074074074,1.0,0.0,0.0,20.32818007469177,1.0,0.7,0.6759797930717468,0.0,0.0324324324324324,0.0,169.0,58.0,0.0246913580246913,0.5,1.0,0.0625,1.0,0.0,0.0,26.592537879943848,1.0,0.2,0.6975382566452026,0.0,0.05,0.0,113.0,38.57142857142857,0.0373831775700934,0.5,1.0,0.0625,1.0,0.0
6,Company_Documents,,37.2755389213562,,,,,,1.0,,,,,,,,,0.0,35.60114574432373,0.0,0.2,0.5838472843170166,0.0,0.0,0.0,101.0,106.57142857142856,0.0,0.5,1.0,0.25,0.0,0.0,0.0,24.490805625915527,0.0,0.2,0.5794262886047363,0.0,0.0,0.0,86.0,93.0,0.0253164556962025,0.5,1.0,0.2083333333333333,1.0,0.0,0.0,21.51445245742798,0.0,0.1,0.5893121957778931,0.0,0.0,0.0,90.0,84.14285714285714,0.0,0.5,1.0,0.217391304347826,0.0,0.0
99,Marketing,0.0,29.37053203582764,0.6923076923076923,0.3,0.8441954255104065,0.0,0.3272727272727272,0.0,40.0,3.168421052631579,0.4489795918367347,1.0,1.0,0.0,1.0,0.0,0.0,30.529028177261356,0.6923076923076923,0.3,0.776244044303894,0.0,0.109090909090909,0.0,150.0,10.905263157894735,0.1560283687943262,1.0,1.0,0.1304347826086956,1.0,0.0,0.0,39.03399395942688,0.4615384615384615,0.2,0.7897308468818665,0.0,0.2068965517241379,0.0,43.0,3.1052631578947367,0.1999999999999999,0.5,1.0,0.0,0.4545454545454545,0.0,0.0,37.1702253818512,1.0,0.3,0.8332176804542542,0.0,0.4126984126984127,0.0,49.0,3.526315789473684,0.3859649122807018,0.5,1.0,0.0,1.0,0.0
33,Company_Documents,0.0,32.13098335266113,1.0,0.1,0.6516416668891907,0.0,0.0439560439560439,0.0,91.0,33.375,0.050632911392405,0.5,1.0,0.1052631578947368,1.0,0.0,0.0,30.7619686126709,1.0,0.1,0.5823178291320801,0.0,0.0188679245283018,0.0,214.0,89.125,0.0199004975124378,0.5,1.0,0.6333333333333333,1.0,0.0,0.0,21.654051780700684,1.0,0.0,0.7648510336875916,0.0,0.1904761904761905,0.0,19.0,7.75,0.2222222222222222,0.5,1.0,0.0,1.0,0.0,0.0,33.458290338516235,1.0,0.1,0.756399929523468,0.0,0.1538461538461538,0.0,24.0,9.625,0.1818181818181818,0.5,1.0,0.0,1.0,0.0
37,Company_Documents,0.0,22.73319959640503,0.7727272727272727,0.7,0.7317264676094055,0.0,0.430379746835443,0.0,50.0,2.8813559322033897,0.3692307692307692,0.5,1.0,0.0416666666666666,0.7058823529411765,0.0,0.0,21.77304983139038,0.7727272727272727,0.7,0.7288201451301575,0.0,0.3953488372093023,0.0,56.0,3.305084745762712,0.3428571428571428,0.5,1.0,0.074074074074074,0.7058823529411765,0.0,0.0,33.67159986495972,0.6818181818181818,0.6,0.7444553375244141,0.0,0.4166666666666667,0.0,43.0,2.330508474576271,0.4067796610169491,0.5,1.0,0.0,0.7058823529411765,0.0,0.0,30.001900911331177,0.6818181818181818,0.7,0.731224536895752,0.0,0.3797468354430379,0.0,50.0,2.864406779661017,0.3692307692307692,0.5,1.0,0.0,0.7058823529411765,0.0
